일자,요일,지점명,지점번호,방향,구분,0시,1시,2시,3시,4시,5시,6시,7시,8시,9시,10시,11시,12시,13시,14시,15시,16시,17시,18시,19시,20시,21시,22시,23시
20230101,일,성산로(금화터널),A-01,유입,봉원고가차도->독립문역,564,414,268,208,190,314,495,610,881,1076,1369,1334,1407,1389,1388,1370,1322,1263,979,875,785,824,552,421
20230102,월,성산로(금화터널),A-01,유입,봉원고가차도->독립문역,294,190,146,134,252,684,1612,2378,2356,1931,1708,1693,1492,1527,1459,1571,1566,1792,1582,1248,997,973,872,616
20230103,화,성산로(금화터널),A-01,유입,봉원고가차도->독립문역,419,271,203,177,267,658,1435,2309,2346,2107,1831,1879,1657,1646,1663,1678,1711,1851,1697,1265,1081,1090,883,757
20230104,수,성산로(금화터널),A-01,유입,봉원고가차도->독립문역,502,335,247,192,292,639,1426,2295,2335,1963,1793,1998,1835,1657,1679,1798,1719,1807,1679,1240,1112,1069,909,769
20230105,목,성산로(금화터널),A-01,유입,봉원고가차도->독립문역,523,334,235,196,300,641,1385,2248,2361,1959,1906,1952,1857,1682,1530,1627,1805,1798,1770,1289,1152,1111,1030,756
20230106,금,성산로(금화터널),A-01,유입,봉원고가차도->독립문역,561,403,275,232,309,605,1372,2132,2199,1977,1841,1917,1800,1746,1708,1905,1897,2044,1842,1287,1038,983,870,684
20230107,토,성산로(금화터널),A-01,유입,봉원고가차도->독립문역,454,362,256,225,246,428,710,1022,1183,1525,1814,1857,1813,1843,1785,1609,1771,1633,1346,941,938,890,910,694
20230108,일,성산로(금화터널),A-01,유입,봉원고가차도->독립문역,434,354,277,183,164,267,444,648,962,1348,1635,1599,1611,1532,1500,1563,1453,1271,1115,933,859,800,684,486
20230109,월,성산로(금화터널),A-01,유입,봉원고가차도->독립문역,302,238,164,158,225,648,1587,2390,2454,2076,1962,1918,1779,1613,1613,1843,1822,1927,1661,1219,1021,1056,919,650
20230110,화,성산로(금화터널),A-01,유입,봉원고가차도->독립문역,469,328,223,179,231,539,1420,2317,2363,2087,1962,2019,1834,1864,1570,1785,1909,1993,1816,1318,1066,1057,951,757
20230111,수,성산로(금화터널),A-01,유입,봉원고가차도->독립문역,525,394,230,183,275,594,1439,2200,2491,2075,1868,2123,1878,1686,1694,1945,2031,2086,1729,1284,1106,1092,1017,772
20230112,목,성산로(금화터널),A-01,유입,봉원고가차도->독립문역,510,384,294,214,255,587,1456,2313,2410,2122,1894,2033,1865,1719,1726,1876,1944,1939,1903,1392,1110,1102,1009,792
20230113,금,성산로(금화터널),A-01,유입,봉원고가차도->독립문역,500,348,257,213,243,601,1339,2116,2185,2107,1950,2006,1831,1901,1736,1946,1885,2102,1797,1410,1080,1075,1011,760
20230114,토,성산로(금화터널),A-01,유입,봉원고가차도->독립문역,544,418,340,272,274,417,681,838,1218,1648,1836,1948,1995,1942,1846,1961,1851,1780,1468,1029,953,954,835,594
20230115,일,성산로(금화터널),A-01,유입,봉원고가차도->독립문역,416,343,275,196,156,264,445,697,944,1313,1553,1596,1529,1618,1441,1479,1298,1214,1020,841,827,839,658,504
20230116,월,성산로(금화터널),A-01,유입,봉원고가차도->독립문역,331,215,159,147,251,611,1617,2369,2424,1974,1870,1989,1803,1730,1620,1805,1809,1978,1685,1347,1066,1058,940,727
20230117,화,성산로(금화터널),A-01,유입,봉원고가차도->독립문역,491,392,246,188,238,614,1441,2323,2431,2026,2031,2020,1884,1749,1729,1931,1991,2125,1788,1346,1106,1159,1032,762
20230118,수,성산로(금화터널),A-01,유입,봉원고가차도->독립문역,575,424,294,181,269,630,1433,2307,2408,2112,2111,2188,1926,1862,1937,2052,2126,2192,1885,1424,1203,1220,1060,769
20230119,목,성산로(금화터널),A-01,유입,봉원고가차도->독립문역,584,420,291,187,287,608,1404,2298,2356,2063,1997,2002,1888,1736,1868,2077,2135,2230,1870,1512,1165,1060,979,746
20230120,금,성산로(금화터널),A-01,유입,봉원고가차도->독립문역,539,397,310,213,281,538,1264,2013,2329,1968,1882,2029,1820,1857,1867,2140,2092,2176,1708,1324,1124,1052,975,702
20230121,일,성산로(금화터널),A-01,유입,봉원고가차도->독립문역,500,364,261,206,239,309,379,477,691,974,1326,1729,1981,1808,1620,1567,1514,1461,1069,784,723,740,550,395
20230122,일,성산로(금화터널),A-01,유입,봉원고가차도->독립문역,283,179,145,115,113,217,386,761,1210,1167,1495,1993,2119,2054,1976,2016,1761,1724,936,782,702,665,509,404
20230123,일,성산로(금화터널),A-01,유입,봉원고가차도->독립문역,253,162,96,93,103,176,282,392,571,782,1076,1447,1658,1512,1410,1386,1334,1361,1120,860,837,802,620,482
20230124,일,성산로(금화터널),A-01,유입,봉원고가차도->독립문역,340,244,176,134,151,216,303,415,612,882,1022,1204,1294,1375,1240,1233,1117,1095,915,704,712,705,597,406
20230125,수,성산로(금화터널),A-01,유입,봉원고가차도->독립문역,287,203,169,117,220,528,1453,2227,2412,2092,1923,1922,1762,1548,1810,1754,1708,1850,1688,1192,1026,1016,910,644
20230126,목,성산로(금화터널),A-01,유입,봉원고가차도->독립문역,451,329,213,181,212,482,1166,1911,2024,1730,1429,1401,1222,1396,1392,1472,1467,1613,1337,1051,937,819,781,583
20230127,금,성산로(금화터널),A-01,유입,봉원고가차도->독립문역,436,350,245,198,267,551,1359,2225,2332,2034,1847,1919,1869,1739,1828,1995,1994,2103,1755,1410,1111,1051,1009,803
20230128,토,성산로(금화터널),A-01,유입,봉원고가차도->독립문역,591,415,317,251,244,376,670,834,1165,1645,1776,1922,1895,1924,1777,1718,1760,1741,1371,1024,979,948,852,650
20230129,일,성산로(금화터널),A-01,유입,봉원고가차도->독립문역,465,346,260,231,180,263,476,707,958,1308,1585,1555,1567,1564,1568,1569,1349,1282,1033,930,867,812,658,506
20230130,월,성산로(금화터널),A-01,유입,봉원고가차도->독립문역,364,227,179,136,235,609,1568,2448,2470,2052,1864,1944,1663,1647,1594,1787,1849,1839,1661,1253,1051,1009,959,710
20230131,화,성산로(금화터널),A-01,유입,봉원고가차도->독립문역,493,365,252,205,243,611,1419,2255,2398,2010,1941,2020,1697,1712,1700,1812,1822,1976,1717,1257,1111,1083,923,783
20230101,일,성산로(금화터널),A-01,유출,독립문역->봉원고가차도,1124,684,353,267,228,282,362,367,665,762,981,1109,1247,1433,1660,1514,1579,1397,1083,1037,908,841,598,461
20230102,월,성산로(금화터널),A-01,유출,독립문역->봉원고가차도,370,187,174,141,188,377,781,1301,1615,1460,1351,1252,1316,1465,1471,1453,1641,1857,1857,1726,1458,1251,971,821
20230103,화,성산로(금화터널),A-01,유출,독립문역->봉원고가차도,622,426,271,205,223,391,760,1328,1630,1546,1544,1367,1294,1459,1551,1579,1458,1817,2075,1866,1521,1355,1079,926
20230104,수,성산로(금화터널),A-01,유출,독립문역->봉원고가차도,723,440,326,220,236,423,784,1258,1602,1543,1431,1340,1318,1553,1573,1610,1601,1889,2117,1957,1524,1398,1169,950
20230105,목,성산로(금화터널),A-01,유출,독립문역->봉원고가차도,672,487,315,249,262,434,740,1249,1561,1591,1505,1452,1315,1580,1591,1605,1482,1816,2043,1963,1540,1408,1276,1007
20230106,금,성산로(금화터널),A-01,유출,독립문역->봉원고가차도,713,506,394,235,281,398,763,1211,1571,1551,1448,1388,1329,1562,1608,1716,1594,1988,1870,1861,1590,1383,1083,827
20230107,토,성산로(금화터널),A-01,유출,독립문역->봉원고가차도,646,411,350,302,268,347,491,667,1067,1229,1261,1372,1408,1475,1593,1627,1650,1594,1600,1308,1230,1110,913,818
20230108,일,성산로(금화터널),A-01,유출,독립문역->봉원고가차도,587,460,347,244,186,246,291,426,563,857,1092,1185,1442,1526,1558,1628,1730,1430,1345,1083,1136,939,730,568
20230109,월,성산로(금화터널),A-01,유출,독립문역->봉원고가차도,406,274,219,167,217,416,770,1340,1638,1586,1485,1369,1404,1655,1552,1557,1686,1930,2078,1782,1484,1297,1081,873
20230110,화,성산로(금화터널),A-01,유출,독립문역->봉원고가차도,652,421,290,187,216,382,740,1353,1693,1570,1521,1464,1364,1689,1492,1625,1605,1937,2070,1895,1601,1443,1161,999
20230111,수,성산로(금화터널),A-01,유출,독립문역->봉원고가차도,704,478,318,213,240,386,739,1344,1569,1482,1603,1366,1298,1640,1639,1547,1756,1879,2105,1930,1559,1488,1156,940
20230112,목,성산로(금화터널),A-01,유출,독립문역->봉원고가차도,718,531,344,223,260,457,736,1386,1612,1569,1521,1395,1387,1601,1567,1679,1562,1915,1963,2120,1587,1531,1222,1054
20230113,금,성산로(금화터널),A-01,유출,독립문역->봉원고가차도,720,532,392,256,227,396,700,1300,1499,1485,1472,1364,1423,1658,1543,1713,1710,1847,1964,2112,1754,1497,1265,1017
20230114,토,성산로(금화터널),A-01,유출,독립문역->봉원고가차도,754,578,419,284,271,339,470,651,1085,1176,1341,1392,1431,1601,1663,1611,1705,1754,1524,1395,1362,1093,906,787
20230115,일,성산로(금화터널),A-01,유출,독립문역->봉원고가차도,602,470,337,246,233,248,284,424,649,897,1080,1120,1270,1505,1557,1559,1489,1477,1268,1057,1061,909,685,564
20230116,월,성산로(금화터널),A-01,유출,독립문역->봉원고가차도,409,309,229,164,242,443,783,1354,1653,1582,1543,1332,1345,1639,1619,1540,1615,1771,2077,2067,1725,1553,1136,926
20230117,화,성산로(금화터널),A-01,유출,독립문역->봉원고가차도,691,470,337,208,245,455,787,1332,1669,1588,1565,1435,1388,1700,1639,1693,1601,1827,1954,2153,1778,1571,1286,1005
20230118,수,성산로(금화터널),A-01,유출,독립문역->봉원고가차도,756,491,356,231,287,408,786,1280,1586,1660,1509,1372,1400,1671,1696,1663,1741,1703,2115,2134,1703,1648,1284,965
20230119,목,성산로(금화터널),A-01,유출,독립문역->봉원고가차도,733,595,419,267,239,426,719,1346,1667,1624,1617,1293,1347,1614,1703,1603,1798,1750,2123,2129,1644,1663,1277,992
20230120,금,성산로(금화터널),A-01,유출,독립문역->봉원고가차도,712,538,378,255,267,381,699,1189,1554,1548,1376,1405,1513,1667,1766,1801,1805,1917,2018,1715,1339,1160,1154,839
20230121,일,성산로(금화터널),A-01,유출,독립문역->봉원고가차도,679,498,368,230,225,280,339,409,565,817,1055,1339,1469,1377,1356,1279,1431,1318,1083,942,987,854,659,486
20230122,일,성산로(금화터널),A-01,유출,독립문역->봉원고가차도,377,256,142,126,121,193,297,520,744,791,1039,1276,1879,1652,1856,1847,1819,1706,1542,1120,982,903,712,446
20230123,일,성산로(금화터널),A-01,유출,독립문역->봉원고가차도,313,259,160,129,118,182,231,321,448,601,870,1139,1421,1399,1422,1428,1511,1503,1272,1066,1063,932,753,518
20230124,일,성산로(금화터널),A-01,유출,독립문역->봉원고가차도,423,341,277,156,155,232,266,321,493,622,787,964,1025,1136,1187,1236,1209,1224,1037,899,933,804,594,502
20230125,수,성산로(금화터널),A-01,유출,독립문역->봉원고가차도,337,253,146,138,180,355,767,1337,1617,1569,1410,1326,1310,1547,1504,1531,1518,1798,2003,1682,1252,1274,1025,849
20230126,목,성산로(금화터널),A-01,유출,독립문역->봉원고가차도,575,427,280,176,175,350,638,1112,1356,1350,1275,1131,1151,1329,1319,1490,1478,1719,1733,1413,1210,1226,991,776
20230127,금,성산로(금화터널),A-01,유출,독립문역->봉원고가차도,586,470,318,206,188,344,725,1211,1608,1454,1405,1403,1349,1597,1608,1619,1746,1869,1941,2113,1624,1601,1374,1033
20230128,토,성산로(금화터널),A-01,유출,독립문역->봉원고가차도,742,625,453,297,262,314,485,650,954,1152,1254,1312,1435,1637,1646,1584,1774,1565,1639,1354,1233,1104,935,766
20230129,일,성산로(금화터널),A-01,유출,독립문역->봉원고가차도,672,464,360,238,200,255,312,425,617,836,1058,1232,1358,1591,1594,1659,1690,1575,1338,1181,1059,900,742,562
