일자,요일,도로명,링크아이디,시점명,종점명,방향,거리,차선수,기능유형구분,도심/외곽구분,권역구분,01시,02시,03시,04시,05시,06시,07시,08시,09시,10시,11시,12시,13시,14시,15시,16시,17시,18시,19시,20시,21시,22시,23시,24시
20230101,일,4.19로,1080012200,아카데미하우스,국립4.19묘지,상행,1179,1,보조간선도로,외곽,강북구,46.1,28.92,51.22,57.67,44.61,37.18,42.800000000000004,44.45,35.04,33.410000000000004,40.81,39.74,35.7,28.68,29.240000000000002,21.88,30.72,33.230000000000004,32.04,35.9,30.01,48.15,48.96,51.71
20230101,일,4.19로,1080012800,국립4.19묘지,국립4.19묘지입구,상행,352,2,보조간선도로,외곽,강북구,23.68,14.22,14.33,15.25,12.530000000000001,23.34,13.5,13.5,18.46,15.040000000000001,14.24,13.06,13.21,11.46,11.31,10.21,12.620000000000001,13.05,15.18,14.19,17,16.3,12.33,13.870000000000001
20230101,일,4.19로,1080012700,국립4.19묘지입구,국립4.19묘지,하행,354,2,보조간선도로,외곽,강북구,17.77,23.490000000000002,21.85,23.44,27.93,30.16,24.38,21.69,18.42,18.92,16.22,17.080000000000002,18.66,14.59,12.81,17.11,17.26,16.67,20.01,17.97,18.43,21.740000000000002,21.29,17.85
20230101,일,4.19로,1080012100,국립4.19묘지,아카데미하우스,하행,1190,1,보조간선도로,외곽,강북구,49.49,41.76,45.79,67.52,88.91,52.6,47,38.07,49.29,45.730000000000004,52.07,59.88,42.34,43.71,44.42,44.910000000000004,63.47,62.300000000000004,48.730000000000004,51.300000000000004,46.97,50.32,52.08,40.54
20230101,일,가락로,1230024700,방이초교,방이동고분군,상행,844,1,기타도로,외곽,송파구,20.66,22.86,21.96,23.1,28.080000000000002,20.650000000000002,17.8,26.64,16.59,22.01,13.790000000000001,22.41,14.71,16.37,13.93,13.88,20.42,16.39,14.61,15.89,17.63,17.56,15.13,16.9
20230101,일,가락로,1230019500,방이동고분군,송파한양아파트,상행,416,1,기타도로,외곽,송파구,23.22,31.14,33.31,34.85,33.9,28.48,32.59,25.29,26.51,21.95,21.69,24.93,21.75,15.700000000000001,20.21,22.87,19.02,20.38,21.81,17.85,20.46,22.76,21.89,26.09
20230101,일,가락로,1230016300,송파한양아파트,송파사거리,상행,478,1,기타도로,외곽,송파구,28.13,27.98,27.51,29.48,27.43,19.34,29.61,20.02,24.79,19.14,19.27,21.27,18.900000000000002,18.59,20.05,21.96,19.32,19.75,18.93,19.330000000000002,20.25,20.85,27.01,20.16
20230101,일,가락로,1230014100,송파사거리,배명고교,상행,1288,1,기타도로,외곽,송파구,19.76,21.47,23.23,27.48,27.13,21.7,28.63,16.22,20.76,18.240000000000002,17.21,20.43,15.33,17.5,17.580000000000002,18.61,16.84,17.02,18.38,19.18,17.52,18.990000000000002,18.97,18.330000000000002
20230101,일,가락로,1230014200,배명고교,송파사거리,하행,1288,1,기타도로,외곽,송파구,20.150000000000002,22.88,21.86,18.84,34.77,30.71,22.75,21.16,21.22,21.330000000000002,18.98,22.2,18.48,18.19,20.53,18.19,17.06,16.89,18.240000000000002,16.77,17.07,19.39,22.36,21.72
20230101,일,가락로,1230016400,송파사거리,송파한양아파트,하행,484,1,기타도로,외곽,송파구,25.35,29.6,32.46,32.980000000000004,31.77,30.04,27.46,23.650000000000002,27.490000000000002,23.42,28.84,24.02,21.5,21.41,20.02,21.51,22.47,20.17,19.3,19.900000000000002,18.94,18.23,20.580000000000002,23.29
20230101,일,가락로,1230019600,송파한양아파트,방이동고분군,하행,417,1,기타도로,외곽,송파구,21.88,20.84,24.98,28.490000000000002,21.73,22.89,22.150000000000002,15.81,15.46,12.620000000000001,18.56,16.61,14.67,13.450000000000001,15.620000000000001,17.080000000000002,14.84,13.92,16.14,13.16,12.71,17.7,21.27,17.990000000000002
20230101,일,가락로,1230024800,방이동고분군,방이초교,하행,845,1,기타도로,외곽,송파구,22.67,26.43,39.44,31.28,25.650000000000002,27.07,25.55,22.88,24.22,18.580000000000002,21.77,23.64,18.69,18.68,21.41,21.73,19.21,19.32,21.01,22.09,19.2,19.66,23.2,21.78
20230101,일,가로공원로,1140033400,가로공원로부천시계,신월사거리,상행,586,2,보조간선도로,외곽,양천구,18.740000000000002,20,17.2,28.39,21.39,23.42,16.46,20.14,19.5,18.6,16.3,18.92,19.31,17.42,17.75,18,22.28,16.26,16.09,16.45,18.71,15.55,18.84,19.95
20230101,일,가로공원로,1140034800,신월사거리,월정초교앞,상행,530,3,보조간선도로,외곽,양천구,27.29,25.900000000000002,25.79,25.72,25.04,20.55,28.330000000000002,22.400000000000002,25.400000000000002,23.93,21.080000000000002,21.95,20.47,22.66,17.97,23.54,27.29,22.91,21.56,26.43,23,20.98,23.66,25.92
20230101,일,가로공원로,1150008900,월정초교앞,강서나누리병원,상행,250,3,보조간선도로,외곽,양천구,13.200000000000001,18.71,19.91,24.93,20.59,20.55,25.1,28.21,23.57,20.01,16.45,17.36,11.92,19.8,12.88,14.26,22.46,15.36,17.92,15.780000000000001,20.45,17.96,17.990000000000002,17.55
20230101,일,가로공원로,1150009100,강서나누리병원,화곡터널북단,상행,517,3,보조간선도로,외곽,강서구,23.69,22.38,21.830000000000002,24.84,25.07,22.41,23.94,28.400000000000002,21.3,25.39,18.67,18.91,18.75,15.700000000000001,16.8,19.56,21.12,20.86,20.01,23.11,18.98,18.54,21.88,22.69
20230101,일,가로공원로,1150009000,화곡터널북단,강서나누리병원,하행,513,3,보조간선도로,외곽,강서구,22.31,25.3,27.400000000000002,25.94,28.96,26.810000000000002,22.11,14.8,22.39,20.73,20.43,22.23,25.51,26.5,16.05,19.56,20.21,18.23,20.28,20.26,20.900000000000002,24.14,24.240000000000002,26.580000000000002
20230101,일,가로공원로,1150008800,강서나누리병원,월정초교앞,하행,250,3,보조간선도로,외곽,강서구,32.730000000000004,33,33.37,27.39,28.02,29.98,29.68,20.18,23.07,30.76,24.830000000000002,23.76,28,26.3,24.44,32.1,27.7,27.05,26,29.45,31.060000000000002,31.39,25.87,24.02
20230101,일,가로공원로,1140034700,월정초교앞,신월사거리,하행,530,3,보조간선도로,외곽,양천구,23.97,23.23,23.57,23.68,22.29,22.93,22.56,21.38,23.19,17.73,16.16,17.88,20.26,13.59,15.610000000000001,16.26,15.92,15.5,17.650000000000002,18.25,16.240000000000002,16.63,17.14,21.98
20230101,일,가로공원로,1140033300,신월사거리,가로공원로부천시계,하행,586,2,보조간선도로,외곽,양천구,21.42,18.42,19.75,20.5,24.17,29.5,23.38,26.54,25.5,24.580000000000002,22.67,18.830000000000002,24.25,20.67,19.830000000000002,20.830000000000002,20.080000000000002,21.5,21.67,17.67,21.75,22.92,23.080000000000002,21.67
20230101,일,가로공원로76길,1150008400,강서나누리병원,화곡대림아파트,상행,576,1,기타도로,외곽,강서구,19.98,25.84,25.05,26.59,22.830000000000002,22.580000000000002,21.66,18.88,21.06,16.57,18.59,19.75,19.29,16.02,16.75,17.05,17.05,17.5,18.38,17.85,17.7,17.490000000000002,17.400000000000002,22.36
20230101,일,가로공원로76길,1150008500,화곡대림아파트,강서나누리병원,하행,572,1,기타도로,외곽,강서구,21.26,19.240000000000002,18.35,17.740000000000002,16.330000000000002,24.82,17.39,14.92,17.93,13.68,18.34,15.63,15.9,15.08,10.92,14.22,15.21,16.78,14.49,15.74,16.06,18.580000000000002,20.59,22.54
20230101,일,가마산로,1180011300,해군회관앞,사러가시장앞,상행,995,2,보조간선도로,외곽,동작구,21.44,20.95,20.3,21.26,21.830000000000002,21.69,23.21,23.69,20.93,23.93,25.11,22.84,22.16,21.31,17.36,20.06,20.650000000000002,19.91,21.98,22.12,21.330000000000002,22.7,24.79,24.53
20230101,일,가마산로,1180011800,사러가시장앞,성락주유소앞,상행,750,3,보조간선도로,외곽,영등포구,18.68,18.18,17.59,17.69,19.14,18.47,24.19,25.78,26.88,20,18.89,19.080000000000002,17.21,17.1,15.88,15.27,15.780000000000001,17.22,17.68,15.67,18.19,18.96,20.830000000000002,19.21
20230101,일,가마산로,1180010800,성락주유소앞,성락빌딩앞,상행,272,3,보조간선도로,외곽,영등포구,23.84,25.5,27.650000000000002,26.68,27.650000000000002,17.09,21.95,24.87,22.95,25.09,22.92,21.44,18.6,21.82,24.09,24.52,25.59,25.080000000000002,25.23,26.46,27.82,24.16,21.740000000000002,24.02
20230101,일,가마산로,1180009800,성락빌딩앞,대림3동사거리,상행,416,3,보조간선도로,외곽,영등포구,12.41,13.48,14.83,15.16,14.82,13.86,23.77,24.240000000000002,32.11,26.09,22.75,26.94,23.21,21.09,27.2,25.080000000000002,21.72,27.13,25.5,24.26,29.900000000000002,24.82,21.18,15.99
20230101,일,가마산로,1160012500,대림3동사거리,거리공원오거리,상행,444,3,보조간선도로,외곽,영등포구,18.61,20.05,20.22,21.53,20.13,20.34,26.44,20.77,22.29,21.34,20.57,23.53,23.03,24.12,25.96,23.05,23.2,22.89,19.400000000000002,24.27,19.400000000000002,20.03,19.46,21.72
20230101,일,가마산로,1160011700,거리공원오거리,구로구청구의회,상행,494,3,보조간선도로,외곽,구로구,24.51,23.36,30.04,29.060000000000002,24.54,18.650000000000002,24.990000000000002,24.830000000000002,27.560000000000002,21.32,20.89,25.91,24.71,23.01,21.42,22.43,23.990000000000002,22.41,23.44,24.45,27.63,27.46,25.85,28.310000000000002
20230101,일,가마산로,1160010500,구로구청구의회,고대구로병원,상행,539,3,보조간선도로,외곽,구로구,21.36,22.61,25.02,24.69,24.72,20.25,20.26,23.94,23.38,26,24.25,27.69,25.46,23.32,25.67,22.25,22.53,19.46,20.650000000000002,19.62,20.13,20.16,21.6,25.88
20230101,일,가마산로,1160008300,고대구로병원,가마산지하차도(남측),상행,736,3,보조간선도로,외곽,구로구,29.54,29.810000000000002,34.19,33.81,27.95,32.53,34.38,31.67,28.44,29.36,28.330000000000002,31.28,26.78,27.2,26.26,24.18,26.04,26.57,29.240000000000002,30.55,31.330000000000002,29.650000000000002,27.36,32.81
20230101,일,가마산로,1160006900,가마산지하차도(남측),구로IC_가마산길_진입_1,상행,137,2,보조간선도로,외곽,구로구,44.14,34.72,37.38,38.71,39.72,38.25,36.83,36.79,37.67,34.17,32.84,38.980000000000004,34.92,33.46,31,37.31,34.42,34.13,33.6,36.79,35.58,34,33.67,37.74
20230101,일,가마산로,2130003902,구로IC_가마산길_진입_1,구로현대로얄아파트,상행,53,3,보조간선도로,외곽,구로구,32.74,34.800000000000004,34.230000000000004,35.46,36.84,31.38,27.400000000000002,25.36,22.8,16.75,21.95,32.27,34.57,29.96,23.19,31.57,20.61,24.580000000000002,30.51,32.03,25.87,28.46,31.740000000000002,33.42
20230101,일,가마산로,2130004002,구로현대로얄아파트,구로IC,하행,53,2,보조간선도로,외곽,구로구,42.13,43.47,44.64,46.29,44.83,46.7,47.43,47.59,48.480000000000004,46.28,44.52,42.82,43.410000000000004,43.36,42.56,43.22,44.42,43.97,42.07,43.47,42.64,43.07,44.980000000000004,48.19
20230101,일,가마산로,1160007000,구로IC,가마산지하차도(남측),하행,142,2,보조간선도로,외곽,구로구,43.29,48.03,46.800000000000004,50.46,50.71,49.24,48.93,46.31,48.97,45.81,42.77,43.43,43.43,43.18,42.82,43.09,44.38,43.82,42.800000000000004,43.22,41.89,44.95,39.99,45
20230101,일,가마산로,1160008400,가마산지하차도(남측),고대구로병원,하행,727,3,보조간선도로,외곽,구로구,25.95,24.52,27.46,27.6,29.46,33.13,29.92,25.830000000000002,23.71,23.32,18.43,23.63,21.900000000000002,21.490000000000002,20.45,17.76,20.02,20.73,21.740000000000002,23.01,25.03,23.94,23.47,25.02
20230101,일,가마산로,1160010600,고대구로병원,구로구청구의회,하행,542,3,보조간선도로,외곽,구로구,27.32,27.95,27.32,26.03,23.94,23.38,25.97,22.17,22.69,27.490000000000002,23.92,21.67,24.55,20.85,22.150000000000002,22.2,21.61,24.36,20.77,22.07,24.400000000000002,22.02,25.75,27.76
20230101,일,가마산로,1160011800,구로구청구의회,거리공원오거리,하행,494,3,보조간선도로,외곽,구로구,23.57,22.32,22.2,22.92,25.53,26.02,27.580000000000002,24.97,27.060000000000002,22.66,23.64,26.490000000000002,20.78,24.87,26.03,26.94,26.75,26.38,23.76,22.45,24.62,21.96,23.71,28.51
20230101,일,가마산로,1160012600,거리공원오거리,대림3동사거리,하행,444,3,보조간선도로,외곽,구로구,20.18,20.87,23.150000000000002,24.86,19.240000000000002,20.11,21.5,29.29,27.75,25.12,27.35,22.47,24.09,22.07,23.75,23.22,24.28,24.09,23.990000000000002,20.93,21.150000000000002,22.61,21.990000000000002,23.18
20230101,일,가마산로,1180009900,대림3동사거리,성락빌딩앞,하행,418,3,보조간선도로,외곽,영등포구,16.28,16.68,16.95,19.09,17.72,21.05,20.64,21.37,22.93,15.93,19.990000000000002,20.53,25.03,22.38,23.51,18.53,20.54,32.6,21.38,19.93,20.18,24.67,17.13,18.57
20230101,일,가마산로,1180010900,성락빌딩앞,성락주유소앞,하행,268,3,보조간선도로,외곽,영등포구,17.22,19.19,22.46,20.04,18.02,17.29,17.81,23.03,28.52,21.62,22.03,22.87,20.740000000000002,19.16,24.91,21.11,21.12,25.8,25.19,25.66,30.2,21.3,17.06,14.31
20230101,일,가마산로,1180011900,성락주유소앞,사러가시장앞,하행,742,3,보조간선도로,외곽,영등포구,15.72,17.43,16.81,24.560000000000002,22.21,24.35,27.91,27.17,33.67,30.59,16.72,17.69,21.8,25.91,26.61,26.36,27.35,23.17,24.3,23.02,26.29,21.06,21.12,19.37
20230101,일,가마산로,1180011200,사러가시장앞,해군회관앞,하행,999,2,보조간선도로,외곽,영등포구,26.47,24.52,25.27,27.35,22.85,21.79,24.54,25.400000000000002,24.09,25.87,24.44,24.92,24.37,25.7,26.560000000000002,24.41,23.6,25.35,24.64,24.32,29.240000000000002,27.54,28.13,29.59
20230101,일,가산디지털1로,1170010900,구로현대로얄아파트,한국건설생활환경시험연구원,상행,354,2,기타도로,외곽,금천구,16.95,24.2,30.48,28.96,31.03,27.59,24.94,29.72,27.69,29.13,29.96,29.400000000000002,29,27.66,33.51,29.96,29.330000000000002,27.990000000000002,28.71,27.01,29.88,28.5,32.76,27.17
20230101,일,가산디지털1로,1170010300,한국건설생활환경시험연구원,가산디지털단지역(7호선),상행,417,2,기타도로,외곽,금천구,21.05,25.44,25.45,28.5,36.52,36.88,21.63,25.67,20.68,24,29.5,24.990000000000002,24.92,22.72,30.330000000000002,26.580000000000002,25.080000000000002,23.830000000000002,23.580000000000002,20.42,26.990000000000002,24.25,28.3,21.990000000000002
20230101,일,가산디지털1로,1170009100,가산디지털단지역(7호선),3공단파출소,상행,418,3,기타도로,외곽,금천구,25.43,22.72,26.71,29.46,36.24,33.47,22.42,30.75,32.5,37,20.25,27.830000000000002,19.830000000000002,25.830000000000002,20.71,18.67,21.42,23.830000000000002,21.17,23.330000000000002,22.92,23.580000000000002,27.23,26.330000000000002
20230101,일,가산디지털1로,1170006900,3공단파출소,구로한국후지필름,상행,422,2,기타도로,외곽,금천구,41,41.43,35.5,40.300000000000004,39.81,37.49,34.13,36.36,39.81,24.25,27.830000000000002,33.67,34.75,31.37,28.580000000000002,30.5,34.08,34.08,31.92,35.58,27.75,30.67,35.300000000000004,35.96
20230101,일,가산디지털1로,1170005700,구로한국후지필름,한국산업기술협회,상행,414,2,기타도로,외곽,금천구,41.95,38.39,36.83,43.99,40.97,23.85,30.29,25.580000000000002,31.91,24.5,38,40.67,29.5,26.830000000000002,30.580000000000002,27.42,20.5,22.92,21.46,33.08,34.13,33.96,30.09,22.93
20230101,일,가산디지털1로,1170004100,한국산업기술협회,금천고가차도,상행,392,2,기타도로,외곽,금천구,22.35,29.580000000000002,24.580000000000002,37.71,28.79,21.06,24.75,33.88,22.080000000000002,27.17,24.17,21.92,24.740000000000002,21.75,22.17,28.92,21.25,21.05,24.42,19.57,24.5,23.580000000000002,25.5,22.580000000000002
20230101,일,가산디지털1로,1170004200,금천고가차도,한국산업기술협회,하행,392,2,기타도로,외곽,금천구,32.39,30.77,37.19,34.550000000000004,29.85,24.59,25.830000000000002,17.240000000000002,22,18.46,25.75,28.89,27.91,25.67,18.580000000000002,23.25,25.91,23.75,19.67,21.42,27.5,24.92,19.080000000000002,22.54
20230101,일,가산디지털1로,1170005800,한국산업기술협회,구로한국후지필름,하행,414,2,기타도로,외곽,금천구,33.13,24.77,36.63,34.980000000000004,35.99,39.4,28.19,33.79,31.5,30.580000000000002,34.92,32.46,27.72,25.580000000000002,34.67,30.830000000000002,30.2,27.330000000000002,35,21.17,40.800000000000004,30.080000000000002,28.72,33.77
20230101,일,가산디지털1로,1170007000,구로한국후지필름,3공단파출소,하행,422,2,기타도로,외곽,금천구,22.72,22.71,17.6,40.45,29.95,19.900000000000002,32.02,23.42,25.71,24.35,23,32.8,31.29,24.04,25,25.23,19.5,22.25,23.67,21.580000000000002,23.41,18.67,22.29,25.68
20230101,일,가산디지털1로,1170009200,3공단파출소,가산디지털단지역(7호선),하행,418,2,기타도로,외곽,금천구,26.73,29.27,25.62,37.21,26.080000000000002,29.73,44.17,20.88,21.79,24.330000000000002,29.67,18.42,22.330000000000002,25.080000000000002,23,21.830000000000002,25.25,21.75,19.17,22.580000000000002,23.25,26.580000000000002,23.25,24.94
20230101,일,가산디지털1로,1170010400,가산디지털단지역(7호선),한국건설생활환경시험연구원,하행,417,2,기타도로,외곽,금천구,23.42,26.04,25.75,28.79,28.76,31.54,18.330000000000002,17.42,18.96,21.96,23.5,27.03,27.79,22.830000000000002,17.830000000000002,22.580000000000002,26,21.5,23.21,24.740000000000002,27,21.17,26.25,27.36
20230101,일,가산디지털1로,1170011000,한국건설생활환경시험연구원,구로현대로얄아파트,하행,357,2,기타도로,외곽,금천구,24.54,26.97,26.2,27.69,28.91,28.080000000000002,19.17,17.580000000000002,21.75,24.38,22.25,27.17,28.330000000000002,23.67,18.830000000000002,23.830000000000002,27.17,22.42,24.17,24.92,27.830000000000002,21.5,27.580000000000002,27.67
20230101,일,가산디지털2로,1170005400,대륭테크노타운,마이크로오피스앞,상행,420,2,기타도로,외곽,금천구,31.12,34.74,30.32,33.47,29.36,32.52,27.35,31.17,33.7,28.560000000000002,34.75,35.62,34.61,33.9,31.67,27.59,25.330000000000002,32.77,31.17,34.300000000000004,31.84,30.09,31.44,29.25
20230101,일,가산디지털2로,1170006800,마이크로오피스앞,디지털3단지,상행,421,2,기타도로,외곽,금천구,27.34,32.72,23.06,32.730000000000004,32.71,37.31,11.89,20.5,24.560000000000002,19.3,19.330000000000002,27.55,22.92,24.93,26.17,24.92,24.68,22.580000000000002,19.42,24.27,24.25,24.97,21.94,28.41
20230101,일,가산디지털2로,1170008800,디지털3단지,디지털3단지월드벤쳐센터,상행,419,2,기타도로,외곽,금천구,30.27,26.96,32.86,29.79,28.46,27.95,35.63,28.61,28.97,28.94,27.96,27.900000000000002,23.77,23.67,21.25,26.45,22.07,23.13,25.080000000000002,23.68,23.25,18.55,27.23,26.330000000000002
20230101,일,가산디지털2로,1170010200,디지털3단지월드벤쳐센터,구로디지털3단지운동장,상행,418,2,기타도로,외곽,금천구,16.17,26.62,21.59,22.69,19.03,28.810000000000002,18.89,17.96,19.73,20.17,17.82,18.87,15.88,22.73,19.67,20.06,16.23,18.67,17,21.34,22.5,19.77,22.990000000000002,22.53
20230101,일,가산디지털2로,1170010800,구로디지털3단지운동장,한일유앤아이앞,상행,322,2,기타도로,외곽,금천구,16.17,24.27,20.42,22.8,19.26,35.84,19.97,17.75,18.12,20.13,20.2,16.5,15.88,22.77,19.22,20.75,16.67,18.67,17,22.13,22.5,22.05,21.97,22.53
